{"cameraMode":{"drawMode":0,"name":"Shaded","section":"Shading Mode"},"sceneLighting":false,"audioPlay":false,"sceneViewState":{"showFog":true,"showMaterialUpdate":false,"showSkybox":false,"showFlares":true,"showImageEffects":true,"showParticleSystems":true,"showVisualEffectGraphs":true,"m_FxEnabled":true},"in2DMode":false,"pivot":{"x":7.011818885803223,"y":2.4096157550811769,"z":18.752042770385743},"rotation":{"x":0.7142805457115173,"y":0.00314352591522038,"z":-0.0032201779540628196,"w":0.6998512744903565},"size":2.4944751262664797,"orthographic":false}