{"cameraMode":{"drawMode":0,"name":"Shaded","section":"Shading Mode"},"sceneLighting":false,"audioPlay":false,"sceneViewState":{"showFog":true,"showMaterialUpdate":false,"showSkybox":false,"showFlares":true,"showImageEffects":true,"showParticleSystems":true,"showVisualEffectGraphs":true,"m_FxEnabled":true},"in2DMode":false,"pivot":{"x":0.0008276700973510742,"y":0.2921934127807617,"z":-0.18542885780334474},"rotation":{"x":0.7089419960975647,"y":-0.010576973669230938,"z":0.010635084472596646,"w":0.7051191329956055},"size":3.2767350673675539,"orthographic":false}