{"cameraMode":{"drawMode":0,"name":"Shaded","section":"Shading Mode"},"sceneLighting":false,"audioPlay":false,"sceneViewState":{"showFog":true,"showMaterialUpdate":false,"showSkybox":false,"showFlares":true,"showImageEffects":true,"showParticleSystems":true,"showVisualEffectGraphs":true,"m_FxEnabled":true},"in2DMode":false,"pivot":{"x":-0.00010955333709716797,"y":0.12199047207832337,"z":0.44382244348526},"rotation":{"x":0.7089419960975647,"y":-0.010576973669230938,"z":0.010635084472596646,"w":0.7051191329956055},"size":2.167771816253662,"orthographic":false}