{"cameraMode":{"drawMode":0,"name":"Shaded","section":"Shading Mode"},"sceneLighting":false,"audioPlay":false,"sceneViewState":{"showFog":true,"showMaterialUpdate":false,"showSkybox":false,"showFlares":true,"showImageEffects":true,"showParticleSystems":true,"showVisualEffectGraphs":true,"m_FxEnabled":true},"in2DMode":false,"pivot":{"x":-0.009394615888595581,"y":0.07720774412155152,"z":-0.03471934795379639},"rotation":{"x":0.7089419960975647,"y":-0.010576973669230938,"z":0.010635084472596646,"w":0.7051191329956055},"size":1.9462982416152955,"orthographic":false}