{"cameraMode":{"drawMode":0,"name":"Shaded","section":"Shading Mode"},"sceneLighting":false,"audioPlay":false,"sceneViewState":{"showFog":true,"showMaterialUpdate":false,"showSkybox":false,"showFlares":true,"showImageEffects":true,"showParticleSystems":true,"showVisualEffectGraphs":true,"m_FxEnabled":true},"in2DMode":false,"pivot":{"x":5.960464477539063e-7,"y":0.10645408183336258,"z":0.12240028381347656},"rotation":{"x":0.7089419960975647,"y":-0.010576973669230938,"z":0.010635084472596646,"w":0.7051191329956055},"size":1.6636779308319092,"orthographic":false}