{"cameraMode":{"drawMode":0,"name":"Shaded","section":"Shading Mode"},"sceneLighting":false,"audioPlay":false,"sceneViewState":{"showFog":true,"showMaterialUpdate":false,"showSkybox":false,"showFlares":true,"showImageEffects":true,"showParticleSystems":true,"showVisualEffectGraphs":true,"m_FxEnabled":true},"in2DMode":false,"pivot":{"x":-0.07131709158420563,"y":0.014225006103515625,"z":-1.905326008796692},"rotation":{"x":-0.014248265884816647,"y":0.7251585125923157,"z":-0.6882753968238831,"w":-0.015012386254966259},"size":8.736048698425293,"orthographic":false}