{"cameraMode":{"drawMode":0,"name":"Shaded","section":"Shading Mode"},"sceneLighting":false,"audioPlay":false,"sceneViewState":{"showFog":true,"showMaterialUpdate":false,"showSkybox":false,"showFlares":true,"showImageEffects":true,"showParticleSystems":true,"showVisualEffectGraphs":true,"m_FxEnabled":true},"in2DMode":false,"pivot":{"x":4.76837158203125e-7,"y":-0.000006198883056640625,"z":-0.000001430511474609375},"rotation":{"x":-0.7590323686599731,"y":0.026906320825219156,"z":-0.0314602330327034,"w":-0.6497573852539063},"size":7.797755241394043,"orthographic":false}