{"cameraMode":{"drawMode":0,"name":"Shaded","section":"Shading Mode"},"sceneLighting":false,"audioPlay":false,"sceneViewState":{"showFog":true,"showMaterialUpdate":false,"showSkybox":false,"showFlares":true,"showImageEffects":true,"showParticleSystems":true,"showVisualEffectGraphs":true,"m_FxEnabled":true},"in2DMode":false,"pivot":{"x":-3.762908458709717,"y":94.14067077636719,"z":12.984138488769532},"rotation":{"x":0.32384851574897768,"y":0.10220347344875336,"z":-0.035214025527238849,"w":0.9399192929267883},"size":19.290081024169923,"orthographic":false}