{"cameraMode":{"drawMode":0,"name":"Shaded","section":"Shading Mode"},"sceneLighting":false,"audioPlay":false,"sceneViewState":{"showFog":true,"showMaterialUpdate":false,"showSkybox":false,"showFlares":true,"showImageEffects":true,"showParticleSystems":true,"showVisualEffectGraphs":true,"m_FxEnabled":true},"in2DMode":false,"pivot":{"x":2.453655242919922,"y":5.39373779296875,"z":62.45854568481445},"rotation":{"x":0.7349516749382019,"y":-0.0030575196724385025,"z":0.0033015895169228317,"w":0.6781110763549805},"size":14.635967254638672,"orthographic":false}